id,brand,model,year,mileage,fuel_type,transmission,owner_type,engine_cc,price,timestamp
1,BMW,Creta,2019,111,CNG,Manual,Second Owner,2438,1096070,2025-11-11 05:55:36
2,BMW,C-Class,2008,108,CNG,Manual,First Owner,2485,873451,2025-11-11 05:55:36
3,Mercedes,Fortuner,2006,25,Petrol,Automatic,First Owner,821,1391581,2025-11-11 05:55:36
4,Ford,Swift,2014,19,Diesel,Automatic,Third Owner,1362,1476343,2025-11-11 05:55:36
5,Ford,Altroz,2009,55,Electric,Manual,First Owner,2097,1382477,2025-11-11 05:55:36
6,Hyundai,Seltos,2013,94,Petrol,Automatic,Third Owner,2163,769673,2025-11-11 05:55:36
7,BMW,C-Class,2019,39,Diesel,Manual,Second Owner,2755,1887165,2025-11-11 05:55:36
8,Toyota,City,2010,58,Diesel,Automatic,Third Owner,2300,1086313,2025-11-11 05:55:36
9,Hyundai,Seltos,2008,18,Electric,Automatic,Second Owner,1255,873988,2025-11-11 05:55:36
10,Ford,C-Class,2020,86,Electric,Manual,Second Owner,1591,1861350,2025-11-11 05:55:36
11,Ford,Swift,2011,13,CNG,Manual,Third Owner,2827,248000,2025-11-11 05:55:36
12,Honda,Swift,2012,37,Electric,Manual,Third Owner,2888,1951880,2025-11-11 05:55:36
13,Mercedes,City,2005,52,Electric,Manual,First Owner,2551,584680,2025-11-11 05:55:36
14,Mercedes,Fortuner,2007,105,Electric,Automatic,Second Owner,1828,702374,2025-11-11 05:55:36
15,BMW,EcoSport,2019,19,Diesel,Automatic,Third Owner,2284,882638,2025-11-11 05:55:36
16,BMW,Swift,2024,100,CNG,Automatic,Third Owner,2478,1927040,2025-11-11 05:55:36
17,Toyota,XUV700,2023,90,CNG,Automatic,First Owner,2397,213526,2025-11-11 05:55:36
18,Mahindra,Creta,2015,132,Diesel,Manual,Third Owner,2296,473821,2025-11-11 05:55:36
19,Maruti,Swift,2024,7,Electric,Automatic,Third Owner,2279,1919182,2025-11-11 05:55:36
20,Tata,Swift,2023,63,Diesel,Automatic,First Owner,2431,228161,2025-11-11 05:55:36
21,Maruti,Swift,2024,16,Diesel,Manual,First Owner,2436,901399,2025-11-11 05:55:36
22,Maruti,Swift,2006,134,CNG,Automatic,First Owner,1654,1551155,2025-11-11 05:55:36
23,Maruti,Swift,2023,130,Diesel,Manual,Second Owner,2507,1380813,2025-11-11 05:55:36
24,Mahindra,XUV700,2008,127,Petrol,Manual,First Owner,1093,174611,2025-11-11 05:55:36
25,Mahindra,Fortuner,2015,148,Petrol,Manual,Third Owner,1947,131533,2025-11-11 05:55:36
26,Honda,Creta,2008,94,Electric,Manual,Third Owner,946,288495,2025-11-11 05:55:36
27,Ford,Swift,2012,132,Electric,Automatic,Third Owner,1440,1131731,2025-11-11 05:55:36
28,Ford,EcoSport,2022,46,Electric,Manual,Second Owner,2587,1121909,2025-11-11 05:55:36
29,Ford,Creta,2021,6,Petrol,Automatic,First Owner,1252,1447895,2025-11-11 05:55:36
30,BMW,EcoSport,2013,103,Electric,Automatic,Second Owner,1954,475155,2025-11-11 05:55:36
31,Maruti,C-Class,2024,79,Petrol,Automatic,Second Owner,2243,290053,2025-11-11 05:55:36
32,Toyota,Altroz,2020,103,Petrol,Manual,Second Owner,2719,1793575,2025-11-11 05:55:36
33,Hyundai,Fortuner,2007,72,Petrol,Automatic,Third Owner,2100,1105626,2025-11-11 05:55:36
34,Maruti,Swift,2020,119,Diesel,Manual,Second Owner,1845,206031,2025-11-11 05:55:36
35,Mahindra,Fortuner,2017,55,Diesel,Automatic,Second Owner,2874,950217,2025-11-11 05:55:36
36,Maruti,Swift,2009,65,CNG,Manual,First Owner,1346,714731,2025-11-11 05:55:36
37,Maruti,Nexon,2010,103,CNG,Manual,First Owner,1860,2014760,2025-11-11 05:55:36
38,Tata,Altroz,2005,120,Electric,Manual,Third Owner,1780,1828072,2025-11-11 05:55:36
39,Honda,City,2014,58,Diesel,Manual,Second Owner,2695,140981,2025-11-11 05:55:36
40,Hyundai,Fortuner,2006,131,Electric,Automatic,Second Owner,2209,274282,2025-11-11 05:55:36
41,Mercedes,Swift,2013,47,Diesel,Automatic,Second Owner,2300,1300438,2025-11-11 05:55:36
42,Kia,Altroz,2022,17,CNG,Automatic,First Owner,835,1932881,2025-11-11 05:55:36
43,Maruti,C-Class,2018,148,Diesel,Automatic,Third Owner,2706,1263082,2025-11-11 05:55:36
44,Hyundai,City,2023,67,Diesel,Manual,Second Owner,2997,342467,2025-11-11 05:55:36
45,Mahindra,Swift,2024,74,Electric,Automatic,First Owner,2395,1112796,2025-11-11 05:55:36
46,Toyota,Fortuner,2017,120,Diesel,Manual,Second Owner,1068,882131,2025-11-11 05:55:36
47,Kia,Altroz,2021,124,Electric,Manual,Third Owner,1881,1688819,2025-11-11 05:55:36
48,Tata,Seltos,2013,144,Petrol,Manual,Second Owner,1881,881338,2025-11-11 05:55:36
49,Hyundai,Fortuner,2020,93,CNG,Manual,First Owner,1696,539798,2025-11-11 05:55:36
50,Tata,Fortuner,2007,80,Diesel,Automatic,Second Owner,1796,1086128,2025-11-11 05:55:36
51,Tata,Swift,2018,148,Diesel,Automatic,First Owner,1350,1444193,2025-11-11 05:55:36
52,Tata,XUV700,2014,73,CNG,Automatic,First Owner,2431,1451405,2025-11-11 05:55:36
53,Tata,Creta,2020,28,CNG,Manual,Third Owner,1296,824107,2025-11-11 05:55:36
54,Mercedes,City,2007,128,Petrol,Manual,Third Owner,1756,1478290,2025-11-11 05:55:36
55,Tata,Altroz,2005,78,Electric,Automatic,First Owner,1084,1078771,2025-11-11 05:55:36
56,Hyundai,Altroz,2022,39,Electric,Manual,First Owner,889,736963,2025-11-11 05:55:36
57,Kia,Seltos,2006,119,Petrol,Manual,First Owner,1625,898395,2025-11-11 05:55:36
58,Mercedes,Creta,2008,142,Petrol,Manual,Second Owner,1922,144460,2025-11-11 05:55:36
59,BMW,C-Class,2009,16,Petrol,Manual,Third Owner,2348,741424,2025-11-11 05:55:36
60,Honda,EcoSport,2021,117,Diesel,Automatic,First Owner,2703,1067651,2025-11-11 05:55:36
61,Honda,Swift,2008,144,Petrol,Manual,First Owner,875,1170689,2025-11-11 05:55:36
62,Toyota,Altroz,2019,148,Petrol,Manual,First Owner,1195,742840,2025-11-11 05:55:36
63,Tata,Creta,2020,61,Electric,Manual,Second Owner,1865,1947632,2025-11-11 05:55:36
64,Kia,Nexon,2007,79,Diesel,Manual,First Owner,1753,291854,2025-11-11 05:55:36
65,Mahindra,XUV700,2018,145,CNG,Automatic,Second Owner,2216,1354666,2025-11-11 05:55:36
66,Kia,City,2009,33,Petrol,Automatic,First Owner,2319,258094,2025-11-11 05:55:36
67,Mahindra,Creta,2021,75,Petrol,Manual,Second Owner,1955,845249,2025-11-11 05:55:36
68,Honda,Fortuner,2011,95,Diesel,Automatic,Second Owner,838,1954870,2025-11-11 05:55:36
69,Hyundai,Seltos,2024,65,Electric,Manual,First Owner,2758,1725742,2025-11-11 05:55:36
70,Ford,Swift,2005,121,Diesel,Automatic,First Owner,1484,891692,2025-11-11 05:55:36
71,Tata,Fortuner,2015,24,Petrol,Automatic,First Owner,2894,166668,2025-11-11 05:55:36
72,Maruti,Nexon,2007,148,Electric,Manual,Second Owner,1835,999229,2025-11-11 05:55:36
73,Mercedes,Fortuner,2016,121,CNG,Automatic,Second Owner,2171,452677,2025-11-11 05:55:36
74,Kia,City,2009,45,CNG,Automatic,Second Owner,2746,486394,2025-11-11 05:55:36
75,Maruti,EcoSport,2005,145,Diesel,Manual,Second Owner,1189,643356,2025-11-11 05:55:36
76,Tata,EcoSport,2006,14,CNG,Automatic,First Owner,1676,620263,2025-11-11 05:55:36
77,Maruti,Fortuner,2005,15,Petrol,Automatic,First Owner,862,892361,2025-11-11 05:55:36
78,Maruti,Swift,2006,109,Electric,Manual,First Owner,1184,1029487,2025-11-11 05:55:36
79,BMW,Fortuner,2021,99,Petrol,Automatic,Third Owner,2260,1957332,2025-11-11 05:55:36
80,Tata,Nexon,2014,87,Petrol,Manual,First Owner,2701,1978724,2025-11-11 05:55:36
81,Toyota,Swift,2021,36,Diesel,Automatic,Third Owner,2942,919141,2025-11-11 05:55:36
82,Kia,City,2007,127,Diesel,Automatic,Second Owner,2784,944835,2025-11-11 05:55:36
83,Tata,EcoSport,2021,116,Electric,Manual,First Owner,2052,957461,2025-11-11 05:55:36
84,Hyundai,Altroz,2011,42,Diesel,Automatic,Third Owner,2158,879902,2025-11-11 05:55:36
85,Hyundai,Creta,2010,83,CNG,Automatic,Second Owner,1558,337470,2025-11-11 05:55:36
86,Maruti,Nexon,2008,142,CNG,Manual,First Owner,2153,1931101,2025-11-11 05:55:36
87,Toyota,C-Class,2009,38,Diesel,Manual,First Owner,2273,727991,2025-11-11 05:55:36
88,Honda,EcoSport,2020,99,Electric,Automatic,First Owner,2735,1408344,2025-11-11 05:55:36
89,Honda,City,2023,25,Petrol,Automatic,Second Owner,1403,1192274,2025-11-11 05:55:36
90,Mahindra,Nexon,2010,5,Petrol,Manual,Second Owner,1323,845819,2025-11-11 05:55:36
91,Hyundai,Swift,2018,49,Electric,Manual,First Owner,2894,1335009,2025-11-11 05:55:36
92,Mercedes,Swift,2008,5,CNG,Manual,First Owner,2690,1900567,2025-11-11 05:55:36
93,Mercedes,Fortuner,2018,32,Electric,Automatic,Second Owner,1164,365005,2025-11-11 05:55:36
94,Mercedes,Altroz,2011,7,Electric,Manual,First Owner,2574,228373,2025-11-11 05:55:36
95,Kia,Fortuner,2007,119,Electric,Automatic,First Owner,2454,748367,2025-11-11 05:55:36
96,Kia,XUV700,2021,90,Diesel,Automatic,First Owner,1336,750316,2025-11-11 05:55:36
97,Toyota,EcoSport,2008,142,Electric,Manual,Second Owner,2956,110894,2025-11-11 05:55:36
98,Toyota,Fortuner,2006,115,CNG,Automatic,Second Owner,2341,654145,2025-11-11 05:55:36
99,Hyundai,C-Class,2017,125,Petrol,Manual,Second Owner,2533,1605280,2025-11-11 05:55:36
100,Toyota,C-Class,2013,135,Electric,Manual,First Owner,1863,1990961,2025-11-11 05:55:36
101,Mercedes,Fortuner,2006,79,CNG,Manual,Second Owner,1445,467602,2025-11-11 05:55:36
102,Mercedes,Fortuner,2023,66,Petrol,Automatic,Third Owner,1646,1491219,2025-11-11 05:55:36
103,Kia,Altroz,2017,48,Petrol,Automatic,Second Owner,2233,169053,2025-11-11 05:55:36
104,Honda,Creta,2005,24,Petrol,Automatic,First Owner,1358,1241893,2025-11-11 05:55:36
105,Mahindra,Nexon,2015,104,Petrol,Manual,Second Owner,1701,800953,2025-11-11 05:55:36
106,Kia,Nexon,2014,134,Petrol,Automatic,First Owner,2419,743092,2025-11-11 05:55:36
107,Tata,EcoSport,2021,13,Electric,Manual,Second Owner,2743,1064948,2025-11-11 05:55:36
108,Honda,Swift,2009,66,CNG,Automatic,Second Owner,2769,1476654,2025-11-11 05:55:36
109,Mercedes,EcoSport,2006,80,Electric,Manual,Second Owner,2119,1130217,2025-11-11 05:55:36
110,Mercedes,EcoSport,2009,18,CNG,Automatic,First Owner,2114,1689928,2025-11-11 05:55:36
111,Tata,Altroz,2018,66,CNG,Manual,Second Owner,2572,1631368,2025-11-11 05:55:36
112,Hyundai,C-Class,2012,43,CNG,Automatic,Third Owner,2688,1256830,2025-11-11 05:55:36
113,Maruti,EcoSport,2021,57,CNG,Automatic,Second Owner,2770,1740081,2025-11-11 05:55:36
114,Honda,XUV700,2023,46,CNG,Automatic,First Owner,2446,1429388,2025-11-11 05:55:36
115,Toyota,XUV700,2008,42,Petrol,Manual,First Owner,1750,1506497,2025-11-11 05:55:36
116,Toyota,Fortuner,2006,14,Petrol,Manual,First Owner,2665,1723911,2025-11-11 05:55:36
117,Mahindra,Creta,2017,19,Petrol,Automatic,First Owner,2894,1448469,2025-11-11 05:55:36
118,Honda,Altroz,2008,40,Diesel,Manual,Third Owner,2916,492509,2025-11-11 05:55:36
119,Kia,C-Class,2010,138,CNG,Manual,Second Owner,1614,149617,2025-11-11 05:55:36
120,Kia,C-Class,2022,115,CNG,Automatic,First Owner,1155,670117,2025-11-11 05:55:36
121,Tata,C-Class,2014,96,Electric,Automatic,Second Owner,2728,838506,2025-11-11 05:55:36
122,Mercedes,EcoSport,2015,5,Diesel,Manual,Second Owner,2445,493312,2025-11-11 05:55:36
123,Ford,Swift,2023,147,Petrol,Manual,First Owner,2132,147465,2025-11-11 05:55:36
124,Toyota,EcoSport,2013,39,Electric,Automatic,Second Owner,1336,1906114,2025-11-11 05:55:36
125,Mahindra,City,2011,95,Petrol,Automatic,Third Owner,1738,1334535,2025-11-11 05:55:36
126,Honda,Fortuner,2011,92,Petrol,Manual,Third Owner,1084,1123922,2025-11-11 05:55:36
127,Mahindra,Seltos,2022,53,Electric,Manual,First Owner,1907,1072814,2025-11-11 05:55:36
128,Toyota,Fortuner,2012,53,Electric,Manual,First Owner,2559,1585731,2025-11-11 05:55:36
129,BMW,Altroz,2023,66,CNG,Automatic,First Owner,1228,1760341,2025-11-11 05:55:36
130,Mercedes,Altroz,2022,5,Diesel,Manual,Second Owner,993,1536421,2025-11-11 05:55:36
131,Maruti,City,2010,67,CNG,Manual,Third Owner,854,1439630,2025-11-11 05:55:36
132,Kia,Seltos,2023,114,Diesel,Automatic,Third Owner,2934,1783351,2025-11-11 05:55:36
133,Hyundai,XUV700,2012,69,Petrol,Manual,Third Owner,2658,175998,2025-11-11 05:55:36
134,Mercedes,Fortuner,2019,71,Electric,Manual,Second Owner,2087,698464,2025-11-11 05:55:36
135,Mercedes,C-Class,2018,148,CNG,Automatic,Second Owner,964,1767204,2025-11-11 05:55:36
136,BMW,City,2011,78,Electric,Manual,First Owner,2998,809134,2025-11-11 05:55:36
137,Honda,Creta,2022,6,Petrol,Manual,Third Owner,2739,750623,2025-11-11 05:55:36
138,Hyundai,Altroz,2016,24,Petrol,Manual,Second Owner,1733,2050034,2025-11-11 05:55:36
139,Hyundai,Nexon,2016,103,CNG,Automatic,First Owner,2187,1397559,2025-11-11 05:55:36
140,Mercedes,XUV700,2021,118,Electric,Manual,Second Owner,1320,847692,2025-11-11 05:55:36
141,Ford,XUV700,2013,26,Electric,Automatic,Second Owner,2851,1397895,2025-11-11 05:55:36
142,Hyundai,XUV700,2009,79,Diesel,Automatic,First Owner,2975,583367,2025-11-11 05:55:36
143,Toyota,EcoSport,2010,38,Petrol,Manual,Third Owner,2201,672454,2025-11-11 05:55:36
144,Kia,Fortuner,2010,102,CNG,Manual,First Owner,2840,429326,2025-11-11 05:55:36
145,Kia,Swift,2018,68,Diesel,Automatic,Third Owner,2645,1346618,2025-11-11 05:55:36
146,Honda,Nexon,2008,119,Diesel,Manual,Third Owner,948,581999,2025-11-11 05:55:36
147,Toyota,Swift,2011,58,Diesel,Manual,Second Owner,1557,735158,2025-11-11 05:55:36
148,Mercedes,Swift,2008,85,Diesel,Manual,Third Owner,1164,1192233,2025-11-11 05:55:36
149,Ford,Seltos,2006,77,Petrol,Automatic,First Owner,1840,1690872,2025-11-11 05:55:36
150,Mercedes,Seltos,2011,39,Electric,Automatic,Third Owner,2052,839549,2025-11-11 05:55:36
151,Mahindra,City,2016,23,Petrol,Automatic,Second Owner,1840,665496,2025-11-11 05:55:36
152,BMW,Swift,2019,16,Diesel,Automatic,Third Owner,1015,1352029,2025-11-11 05:55:36
153,Tata,Swift,2009,122,CNG,Automatic,First Owner,2023,266663,2025-11-11 05:55:36
154,Ford,Seltos,2013,113,Diesel,Manual,Third Owner,1577,1498786,2025-11-11 05:55:36
155,BMW,Seltos,2011,18,Electric,Manual,Third Owner,936,434463,2025-11-11 05:55:36
156,Mercedes,City,2022,120,Electric,Manual,Third Owner,1201,1382907,2025-11-11 05:55:36
157,BMW,Swift,2018,112,CNG,Manual,Third Owner,1921,223865,2025-11-11 05:55:36
158,Kia,XUV700,2016,43,Electric,Automatic,Second Owner,2172,1792592,2025-11-11 05:55:36
159,Hyundai,Swift,2020,112,Diesel,Automatic,Third Owner,1110,542997,2025-11-11 05:55:36
160,BMW,City,2007,127,Electric,Automatic,Second Owner,828,771424,2025-11-11 05:55:36
161,Tata,EcoSport,2020,125,Diesel,Automatic,Third Owner,1720,337395,2025-11-11 05:55:36
162,Tata,Swift,2021,7,Petrol,Automatic,Second Owner,1175,1320799,2025-11-11 05:55:36
163,Toyota,City,2009,77,Electric,Manual,Third Owner,1763,1177807,2025-11-11 05:55:36
164,Tata,Nexon,2015,128,Diesel,Manual,Third Owner,2263,1788195,2025-11-11 05:55:36
165,Mercedes,City,2011,56,CNG,Manual,First Owner,2407,1097844,2025-11-11 05:55:36
166,Mahindra,Nexon,2023,114,Diesel,Manual,First Owner,1025,1250979,2025-11-11 05:55:36
167,Ford,Swift,2007,124,Diesel,Manual,Second Owner,2596,1597702,2025-11-11 05:55:36
168,BMW,Swift,2013,103,CNG,Automatic,First Owner,2576,1149393,2025-11-11 05:55:36
169,Honda,City,2022,66,Petrol,Automatic,Third Owner,802,1463953,2025-11-11 05:55:36
170,Mercedes,EcoSport,2013,72,Diesel,Manual,First Owner,2090,337115,2025-11-11 05:55:36
171,Honda,EcoSport,2007,80,Diesel,Manual,First Owner,2286,415776,2025-11-11 05:55:36
172,Hyundai,C-Class,2019,42,CNG,Manual,Second Owner,1999,1720327,2025-11-11 05:55:36
173,Mahindra,Nexon,2020,32,Petrol,Manual,Second Owner,1392,228511,2025-11-11 05:55:36
174,Honda,Seltos,2007,60,CNG,Automatic,Third Owner,2887,1108482,2025-11-11 05:55:36
175,Maruti,Fortuner,2023,84,CNG,Automatic,First Owner,2504,532586,2025-11-11 05:55:36
176,Ford,Nexon,2014,104,Electric,Manual,Third Owner,1499,1326458,2025-11-11 05:55:36
177,Kia,EcoSport,2023,35,Electric,Automatic,Third Owner,2374,731269,2025-11-11 05:55:36
178,Toyota,City,2018,81,Petrol,Automatic,Second Owner,1094,1878939,2025-11-11 05:55:36
179,Maruti,EcoSport,2021,108,Electric,Automatic,First Owner,1499,348112,2025-11-11 05:55:36
180,Mahindra,Altroz,2011,78,Petrol,Automatic,Third Owner,1793,351909,2025-11-11 05:55:36
181,Tata,Fortuner,2008,100,CNG,Automatic,First Owner,1530,404332,2025-11-11 05:55:36
182,Kia,Fortuner,2005,26,Diesel,Automatic,Third Owner,1503,638978,2025-11-11 05:55:36
183,Toyota,Altroz,2024,129,CNG,Manual,Third Owner,828,1043048,2025-11-11 05:55:36
184,Mahindra,Altroz,2015,62,Electric,Automatic,Second Owner,2253,332862,2025-11-11 05:55:36
185,Toyota,Swift,2007,145,Petrol,Manual,First Owner,1686,1456512,2025-11-11 05:55:36
186,Toyota,City,2019,88,Diesel,Manual,Third Owner,2362,872964,2025-11-11 05:55:36
187,Mercedes,Nexon,2019,105,Electric,Automatic,First Owner,2482,1833952,2025-11-11 05:55:36
188,Honda,Swift,2010,19,Diesel,Manual,First Owner,2655,1394686,2025-11-11 05:55:36
189,Mercedes,City,2019,31,CNG,Automatic,First Owner,1784,1583876,2025-11-11 05:55:36
190,Tata,C-Class,2019,31,Diesel,Automatic,Third Owner,2835,1163064,2025-11-11 05:55:36
191,Tata,C-Class,2007,50,Electric,Manual,First Owner,2059,1507411,2025-11-11 05:55:36
192,Ford,Fortuner,2006,92,CNG,Manual,First Owner,1887,796942,2025-11-11 05:55:36
193,Mercedes,Nexon,2022,68,Diesel,Automatic,Second Owner,1406,778963,2025-11-11 05:55:36
194,Ford,Swift,2010,140,Electric,Automatic,First Owner,1911,1561310,2025-11-11 05:55:36
195,Ford,Fortuner,2024,101,Diesel,Manual,First Owner,2568,1372780,2025-11-11 05:55:36
196,Toyota,Seltos,2011,107,Diesel,Automatic,Second Owner,2969,745696,2025-11-11 05:55:36
197,Hyundai,Seltos,2016,53,CNG,Manual,Third Owner,1116,1058850,2025-11-11 05:55:36
198,Mahindra,EcoSport,2010,77,Electric,Manual,First Owner,2239,419015,2025-11-11 05:55:36
199,Mercedes,C-Class,2022,96,Diesel,Automatic,Third Owner,2141,1696900,2025-11-11 05:55:36
200,BMW,Creta,2020,136,Diesel,Automatic,Second Owner,821,1944680,2025-11-11 05:55:36
201,Honda,EcoSport,2014,18,Electric,Automatic,First Owner,2934,1295948,2025-11-11 05:55:36
202,Honda,Seltos,2023,59,Diesel,Automatic,First Owner,1484,735526,2025-11-11 05:55:36
203,Tata,XUV700,2023,48,Diesel,Automatic,First Owner,1461,1134529,2025-11-11 05:55:36
204,Mercedes,EcoSport,2007,39,Petrol,Manual,Third Owner,2782,1642468,2025-11-11 05:55:36
205,BMW,Swift,2024,41,CNG,Automatic,Second Owner,2187,1593905,2025-11-11 05:55:36
206,Mercedes,City,2021,100,Petrol,Automatic,First Owner,2073,128315,2025-11-11 05:55:36
207,Toyota,City,2019,10,Electric,Automatic,Third Owner,1554,808141,2025-11-11 05:55:36
208,Mahindra,Altroz,2017,22,CNG,Manual,Second Owner,1593,1032595,2025-11-11 05:55:36
209,Hyundai,XUV700,2009,73,Diesel,Manual,Second Owner,1352,1051101,2025-11-11 05:55:36
210,Mercedes,XUV700,2024,134,Electric,Automatic,Second Owner,2840,427418,2025-11-11 05:55:36
211,Tata,Nexon,2005,49,Electric,Manual,Second Owner,1429,1471577,2025-11-11 05:55:36
212,Kia,Seltos,2016,98,Petrol,Manual,Third Owner,2980,1566491,2025-11-11 05:55:36
213,Maruti,EcoSport,2024,32,Petrol,Manual,Third Owner,2756,1109316,2025-11-11 05:55:36
214,Tata,Swift,2021,124,CNG,Automatic,Third Owner,2190,242481,2025-11-11 05:55:36
215,Toyota,City,2018,134,Petrol,Manual,Second Owner,2116,1294428,2025-11-11 05:55:36
216,Maruti,XUV700,2007,63,Petrol,Manual,Third Owner,1808,383621,2025-11-11 05:55:36
217,Kia,Creta,2022,47,Diesel,Automatic,Second Owner,1016,1993980,2025-11-11 05:55:36
218,Ford,XUV700,2019,42,CNG,Manual,First Owner,2461,500689,2025-11-11 05:55:36
219,Hyundai,Seltos,2012,89,Petrol,Manual,First Owner,2599,1773877,2025-11-11 05:55:36
220,Mahindra,Nexon,2019,90,Electric,Automatic,Second Owner,1942,1269350,2025-11-11 05:55:36
221,Kia,City,2022,149,Diesel,Automatic,First Owner,1102,566231,2025-11-11 05:55:36
222,Mercedes,EcoSport,2018,37,Petrol,Manual,Second Owner,2110,1436928,2025-11-11 05:55:36
223,Tata,EcoSport,2006,67,Petrol,Manual,First Owner,1912,769288,2025-11-11 05:55:36
224,Tata,EcoSport,2015,72,Diesel,Manual,Second Owner,1293,879076,2025-11-11 05:55:36
225,Mahindra,City,2022,145,Petrol,Manual,First Owner,1650,2023262,2025-11-11 05:55:36
226,Maruti,C-Class,2011,93,Petrol,Manual,Third Owner,1510,746968,2025-11-11 05:55:36
227,Honda,EcoSport,2005,53,CNG,Manual,Second Owner,2763,1995487,2025-11-11 05:55:36
228,Honda,C-Class,2018,78,Diesel,Automatic,First Owner,1826,320709,2025-11-11 05:55:36
229,Mercedes,City,2010,121,Petrol,Automatic,First Owner,1464,1730193,2025-11-11 05:55:36
230,Tata,Creta,2019,47,CNG,Manual,Second Owner,2149,1607771,2025-11-11 05:55:36
231,Tata,XUV700,2015,84,Electric,Manual,Third Owner,1947,1459478,2025-11-11 05:55:36
232,Toyota,Altroz,2019,72,Petrol,Manual,Third Owner,1269,1580963,2025-11-11 05:55:36
233,Toyota,Nexon,2024,31,Petrol,Manual,Third Owner,1979,1683029,2025-11-11 05:55:36
234,Kia,Creta,2022,6,Petrol,Manual,First Owner,2937,211535,2025-11-11 05:55:36
235,BMW,Seltos,2011,145,Electric,Manual,Second Owner,1244,1237751,2025-11-11 05:55:36
236,Toyota,Creta,2008,122,Electric,Automatic,First Owner,2208,1536145,2025-11-11 05:55:36
237,BMW,Fortuner,2013,30,Petrol,Manual,Second Owner,809,1898082,2025-11-11 05:55:36
238,Kia,C-Class,2020,53,Diesel,Manual,Second Owner,2116,210671,2025-11-11 05:55:36
239,Honda,Creta,2011,93,Diesel,Manual,Second Owner,2262,741864,2025-11-11 05:55:36
240,Maruti,Altroz,2016,123,Petrol,Manual,First Owner,1461,1669888,2025-11-11 05:55:36
241,Honda,XUV700,2015,142,Petrol,Automatic,First Owner,1900,1580176,2025-11-11 05:55:36
242,Ford,City,2007,11,Petrol,Automatic,Second Owner,2377,1446200,2025-11-11 05:55:36
243,Ford,Swift,2015,28,CNG,Automatic,Second Owner,2403,1453043,2025-11-11 05:55:36
244,Kia,XUV700,2017,40,CNG,Manual,Third Owner,1152,1422696,2025-11-11 05:55:36
245,Mercedes,Swift,2010,17,Petrol,Automatic,First Owner,1755,560377,2025-11-11 05:55:36
246,Tata,C-Class,2010,54,Electric,Automatic,Third Owner,857,1729703,2025-11-11 05:55:36
247,Mahindra,City,2016,6,Diesel,Manual,Second Owner,2294,428247,2025-11-11 05:55:36
248,Mercedes,Fortuner,2016,40,Petrol,Manual,Third Owner,1816,887799,2025-11-11 05:55:36
249,Kia,EcoSport,2020,16,Petrol,Automatic,Third Owner,2731,1923029,2025-11-11 05:55:36
250,BMW,Altroz,2012,122,Petrol,Automatic,First Owner,2071,1098726,2025-11-11 05:55:36
251,Tata,Creta,2010,36,Petrol,Manual,Second Owner,2323,619682,2025-11-11 05:55:36
252,Toyota,Swift,2022,70,Petrol,Manual,First Owner,2810,503236,2025-11-11 05:55:36
253,Maruti,Altroz,2024,59,Diesel,Manual,Third Owner,1205,1682496,2025-11-11 05:55:36
254,Mahindra,Nexon,2024,16,Electric,Manual,Second Owner,841,391523,2025-11-11 05:55:36
255,Honda,C-Class,2014,138,Electric,Automatic,Second Owner,1747,1594462,2025-11-11 05:55:36
256,Tata,Altroz,2006,95,Diesel,Manual,Second Owner,2611,1578797,2025-11-11 05:55:36
257,Kia,EcoSport,2006,29,Petrol,Automatic,Third Owner,2112,1150797,2025-11-11 05:55:36
258,Maruti,Fortuner,2018,129,CNG,Manual,Second Owner,2760,1717864,2025-11-11 05:55:36
259,Tata,City,2012,29,Electric,Automatic,First Owner,2779,1887196,2025-11-11 05:55:36
260,Toyota,City,2010,97,Electric,Automatic,Third Owner,1883,811936,2025-11-11 05:55:36
261,Honda,Nexon,2023,14,Petrol,Automatic,First Owner,1489,1643944,2025-11-11 05:55:36
262,Mercedes,EcoSport,2023,141,Electric,Manual,Second Owner,2152,1168037,2025-11-11 05:55:36
263,Honda,XUV700,2020,148,CNG,Manual,Third Owner,2595,1719037,2025-11-11 05:55:36
264,Maruti,Nexon,2011,128,CNG,Manual,Second Owner,1619,1374228,2025-11-11 05:55:36
265,Hyundai,Nexon,2024,66,CNG,Manual,Second Owner,2939,1787907,2025-11-11 05:55:36
266,BMW,Nexon,2009,134,Diesel,Manual,Third Owner,1541,575030,2025-11-11 05:55:36
267,Kia,XUV700,2011,137,Petrol,Manual,Second Owner,2809,1772686,2025-11-11 05:55:36
268,Tata,Nexon,2022,143,Electric,Manual,Third Owner,2591,1434330,2025-11-11 05:55:36
269,Kia,Creta,2006,56,CNG,Automatic,Third Owner,1393,1801722,2025-11-11 05:55:36
270,Toyota,Fortuner,2014,25,Diesel,Manual,First Owner,904,100000,2025-11-11 05:55:36
271,Ford,EcoSport,2005,134,CNG,Automatic,First Owner,2876,302129,2025-11-11 05:55:36
272,Hyundai,Seltos,2012,25,CNG,Manual,Second Owner,1558,606259,2025-11-11 05:55:36
273,Mahindra,C-Class,2021,83,Petrol,Automatic,First Owner,1655,1241248,2025-11-11 05:55:36
274,Tata,Swift,2009,12,Petrol,Automatic,Third Owner,886,1568476,2025-11-11 05:55:36
275,Honda,C-Class,2007,21,Petrol,Automatic,Second Owner,1031,229324,2025-11-11 05:55:36
276,Toyota,Creta,2019,139,Electric,Automatic,Third Owner,1362,172421,2025-11-11 05:55:36
277,Tata,Nexon,2012,68,Diesel,Automatic,First Owner,1791,240012,2025-11-11 05:55:36
278,Mercedes,C-Class,2013,53,CNG,Automatic,First Owner,2413,1602882,2025-11-11 05:55:36
279,Ford,Seltos,2022,14,Petrol,Automatic,Third Owner,1451,912295,2025-11-11 05:55:36
280,Mahindra,Nexon,2020,36,CNG,Automatic,Third Owner,2049,1304843,2025-11-11 05:55:36
281,Maruti,C-Class,2022,63,Diesel,Automatic,First Owner,2803,975833,2025-11-11 05:55:36
282,Honda,Swift,2007,126,CNG,Automatic,First Owner,838,627111,2025-11-11 05:55:36
283,Ford,City,2017,130,CNG,Automatic,Third Owner,1446,1798967,2025-11-11 05:55:36
284,Mahindra,Fortuner,2015,93,Diesel,Automatic,First Owner,1569,1115398,2025-11-11 05:55:36
285,Toyota,City,2019,92,CNG,Manual,First Owner,2524,357535,2025-11-11 05:55:36
286,Honda,Fortuner,2023,27,Petrol,Automatic,Third Owner,2630,914828,2025-11-11 05:55:36
287,Tata,C-Class,2014,148,CNG,Manual,First Owner,2699,529272,2025-11-11 05:55:36
288,Maruti,Creta,2012,68,Diesel,Automatic,Second Owner,2228,1224358,2025-11-11 05:55:36
289,Hyundai,EcoSport,2020,17,Petrol,Automatic,Second Owner,1113,793941,2025-11-11 05:55:36
290,Maruti,EcoSport,2006,125,CNG,Manual,Third Owner,2578,1921898,2025-11-11 05:55:36
291,Mahindra,C-Class,2023,105,Diesel,Automatic,Second Owner,2204,2047223,2025-11-11 05:55:36
292,Mahindra,Altroz,2009,58,CNG,Manual,Second Owner,2885,205445,2025-11-11 05:55:36
293,Ford,Creta,2021,123,Electric,Automatic,Third Owner,1325,1804673,2025-11-11 05:55:36
294,Tata,Seltos,2024,136,CNG,Automatic,Second Owner,961,1376339,2025-11-11 05:55:36
295,Honda,Altroz,2021,67,Diesel,Manual,First Owner,1205,1467909,2025-11-11 05:55:36
296,Kia,Fortuner,2008,23,CNG,Manual,Second Owner,1539,384788,2025-11-11 05:55:36
297,Maruti,XUV700,2005,67,CNG,Manual,Third Owner,1275,1370560,2025-11-11 05:55:36
298,Ford,Fortuner,2017,149,Diesel,Automatic,Third Owner,1459,816080,2025-11-11 05:55:36
299,Mahindra,XUV700,2013,94,CNG,Manual,First Owner,2328,756169,2025-11-11 05:55:36
300,Hyundai,Altroz,2017,111,Petrol,Automatic,Second Owner,2828,151152,2025-11-11 05:55:36
301,Honda,Nexon,2023,39,Diesel,Automatic,First Owner,1380,1422719,2025-11-11 05:55:36
302,Tata,Creta,2021,78,CNG,Manual,Second Owner,2425,1823664,2025-11-11 05:55:36
303,BMW,City,2007,133,CNG,Manual,First Owner,2661,1013007,2025-11-11 05:55:36
304,Ford,Creta,2008,112,Diesel,Automatic,Third Owner,2165,1786348,2025-11-11 05:55:36
305,BMW,C-Class,2014,84,CNG,Automatic,Second Owner,2814,370380,2025-11-11 05:55:36
306,Mahindra,EcoSport,2017,111,CNG,Automatic,First Owner,1674,1019936,2025-11-11 05:55:36
307,Toyota,City,2005,11,Diesel,Manual,Second Owner,2222,215379,2025-11-11 05:55:36
308,Mercedes,Creta,2019,124,CNG,Automatic,First Owner,2136,1551097,2025-11-11 05:55:36
309,Tata,City,2009,135,Electric,Automatic,Third Owner,2738,1482996,2025-11-11 05:55:36
310,Tata,EcoSport,2013,121,CNG,Manual,Third Owner,1397,866538,2025-11-11 05:55:36
311,Maruti,C-Class,2006,32,Diesel,Manual,Third Owner,2504,1454989,2025-11-11 05:55:36
312,Maruti,Swift,2006,102,Petrol,Automatic,First Owner,1652,1733441,2025-11-11 05:55:36
313,Mahindra,EcoSport,2006,78,Diesel,Automatic,Third Owner,2703,498570,2025-11-11 05:55:36
314,BMW,Fortuner,2016,92,Electric,Automatic,Third Owner,2117,1191123,2025-11-11 05:55:36
315,Honda,Altroz,2021,36,Electric,Manual,Second Owner,1331,690268,2025-11-11 05:55:36
316,Toyota,Creta,2019,124,CNG,Manual,Second Owner,2926,623529,2025-11-11 05:55:36
317,Ford,C-Class,2021,70,Petrol,Automatic,Third Owner,2077,276793,2025-11-11 05:55:36
318,Maruti,Seltos,2024,10,Electric,Automatic,First Owner,2614,1878654,2025-11-11 05:55:36
319,Hyundai,Altroz,2009,55,Electric,Automatic,First Owner,807,1992017,2025-11-11 05:55:36
320,Tata,Nexon,2012,59,Petrol,Manual,Second Owner,2767,1451581,2025-11-11 05:55:36
321,Hyundai,Seltos,2024,16,Diesel,Manual,Third Owner,1647,1434106,2025-11-11 05:55:36
322,Honda,City,2015,44,Diesel,Manual,First Owner,1814,1015723,2025-11-11 05:55:36
323,Tata,Creta,2010,114,Diesel,Manual,Third Owner,2347,1477075,2025-11-11 05:55:36
324,BMW,Swift,2017,123,Petrol,Manual,First Owner,1469,1187147,2025-11-11 05:55:36
325,Toyota,Fortuner,2009,29,Electric,Manual,Second Owner,2739,1309455,2025-11-11 05:55:36
326,Tata,Altroz,2013,120,Diesel,Automatic,Third Owner,1445,1388717,2025-11-11 05:55:36
327,Ford,City,2019,112,CNG,Manual,Second Owner,2049,625724,2025-11-11 05:55:36
328,Kia,Nexon,2005,38,Petrol,Manual,Second Owner,1742,1340437,2025-11-11 05:55:36
329,Ford,XUV700,2020,132,Diesel,Manual,Second Owner,2474,527274,2025-11-11 05:55:36
330,Honda,Swift,2024,129,CNG,Automatic,Third Owner,1889,1346401,2025-11-11 05:55:36
331,Mercedes,XUV700,2010,128,Petrol,Automatic,Third Owner,1654,282342,2025-11-11 05:55:36
332,Toyota,Seltos,2019,42,Electric,Manual,Third Owner,1332,1110236,2025-11-11 05:55:36
333,Tata,Creta,2018,149,Electric,Manual,First Owner,2587,1849532,2025-11-11 05:55:36
334,Hyundai,Altroz,2005,138,Electric,Manual,Third Owner,2266,551573,2025-11-11 05:55:36
335,Mercedes,Fortuner,2018,104,Petrol,Automatic,Second Owner,2482,561914,2025-11-11 05:55:36
336,Toyota,Swift,2012,92,Diesel,Automatic,Second Owner,2550,1947459,2025-11-11 05:55:36
337,Ford,Altroz,2018,135,Diesel,Manual,First Owner,1779,1836180,2025-11-11 05:55:36
338,Ford,XUV700,2023,146,CNG,Automatic,First Owner,2260,1564847,2025-11-11 05:55:36
339,Maruti,EcoSport,2005,124,CNG,Manual,Third Owner,2477,174998,2025-11-11 05:55:36
340,Honda,EcoSport,2018,45,CNG,Manual,Second Owner,867,1485158,2025-11-11 05:55:36
341,Mahindra,EcoSport,2020,66,Petrol,Automatic,Third Owner,2493,959476,2025-11-11 05:55:36
342,Hyundai,Nexon,2009,52,CNG,Manual,First Owner,2786,1222728,2025-11-11 05:55:36
343,Ford,EcoSport,2008,39,Petrol,Automatic,First Owner,1527,1119597,2025-11-11 05:55:36
344,BMW,C-Class,2016,80,Diesel,Manual,First Owner,1326,1949917,2025-11-11 05:55:36
345,Toyota,Fortuner,2012,25,Electric,Automatic,First Owner,2611,2021120,2025-11-11 05:55:36
346,Toyota,XUV700,2011,96,CNG,Automatic,First Owner,2229,360004,2025-11-11 05:55:36
347,Mahindra,City,2006,95,Electric,Manual,Third Owner,2592,1091349,2025-11-11 05:55:36
348,Mahindra,Fortuner,2022,149,Petrol,Automatic,Second Owner,1061,737548,2025-11-11 05:55:36
349,Mercedes,Altroz,2014,97,Petrol,Manual,Second Owner,1666,1926678,2025-11-11 05:55:36
350,Toyota,C-Class,2021,145,Petrol,Automatic,Second Owner,2896,870984,2025-11-11 05:55:36
351,Mercedes,Creta,2005,94,Electric,Manual,Second Owner,2768,1430937,2025-11-11 05:55:36
352,Mahindra,EcoSport,2013,92,Petrol,Manual,First Owner,1352,378887,2025-11-11 05:55:36
353,Tata,Altroz,2011,45,Electric,Manual,Third Owner,2527,1906027,2025-11-11 05:55:36
354,Honda,Swift,2012,112,Electric,Automatic,First Owner,1383,789074,2025-11-11 05:55:36
355,Maruti,Seltos,2011,12,Petrol,Manual,Third Owner,973,1325871,2025-11-11 05:55:36
356,BMW,Swift,2019,88,Diesel,Automatic,Second Owner,2147,363758,2025-11-11 05:55:36
357,Toyota,City,2009,88,Petrol,Manual,Second Owner,1131,1281664,2025-11-11 05:55:36
358,Ford,XUV700,2006,33,Petrol,Automatic,Third Owner,2642,356768,2025-11-11 05:55:36
359,Kia,City,2023,122,Petrol,Manual,Third Owner,2363,1558561,2025-11-11 05:55:36
360,Mahindra,Nexon,2006,97,Diesel,Manual,Second Owner,2735,291997,2025-11-11 05:55:36
361,Hyundai,Swift,2013,16,Electric,Manual,Third Owner,2656,332332,2025-11-11 05:55:36
362,Kia,Nexon,2021,131,Electric,Manual,First Owner,2231,100000,2025-11-11 05:55:36
363,Tata,Fortuner,2015,103,Petrol,Manual,First Owner,2920,1878285,2025-11-11 05:55:36
364,Kia,City,2007,83,Petrol,Manual,Third Owner,2870,813507,2025-11-11 05:55:36
365,Kia,EcoSport,2008,128,Petrol,Automatic,Second Owner,1478,1602475,2025-11-11 05:55:36
366,Tata,XUV700,2008,60,Petrol,Manual,First Owner,2610,739349,2025-11-11 05:55:36
367,Hyundai,Altroz,2015,130,Electric,Manual,First Owner,2629,1480249,2025-11-11 05:55:36
368,Hyundai,Creta,2016,69,Electric,Automatic,First Owner,2448,1585889,2025-11-11 05:55:36
369,Tata,C-Class,2007,79,Petrol,Automatic,Second Owner,1978,919505,2025-11-11 05:55:36
370,Kia,Altroz,2022,10,Electric,Manual,First Owner,1710,894977,2025-11-11 05:55:36
371,Kia,Nexon,2009,128,Petrol,Manual,Second Owner,2531,286457,2025-11-11 05:55:36
372,Ford,Swift,2017,63,Electric,Automatic,First Owner,2323,1210706,2025-11-11 05:55:36
373,Mahindra,Creta,2009,53,Petrol,Automatic,Second Owner,1164,1482596,2025-11-11 05:55:36
374,BMW,Altroz,2007,46,Diesel,Automatic,First Owner,1561,613038,2025-11-11 05:55:36
375,Tata,XUV700,2008,133,CNG,Manual,First Owner,2103,919640,2025-11-11 05:55:36
376,Hyundai,Creta,2023,21,Electric,Automatic,Second Owner,2951,301222,2025-11-11 05:55:36
377,Mercedes,Seltos,2023,89,CNG,Automatic,First Owner,1456,334539,2025-11-11 05:55:36
378,Mahindra,Altroz,2006,15,Diesel,Manual,First Owner,2310,1240764,2025-11-11 05:55:36
379,Mercedes,Creta,2013,50,Diesel,Automatic,First Owner,2405,1741332,2025-11-11 05:55:36
380,Honda,Seltos,2020,112,CNG,Automatic,Second Owner,1663,1603724,2025-11-11 05:55:36
381,BMW,Seltos,2008,106,Electric,Manual,Third Owner,2039,1413788,2025-11-11 05:55:36
382,Ford,Altroz,2022,86,CNG,Manual,Third Owner,2510,526514,2025-11-11 05:55:36
383,Toyota,XUV700,2017,52,Electric,Manual,First Owner,2663,902678,2025-11-11 05:55:36
384,Maruti,Swift,2005,100,CNG,Manual,Third Owner,2146,203128,2025-11-11 05:55:36
385,BMW,City,2015,71,Diesel,Automatic,Second Owner,2633,1937414,2025-11-11 05:55:36
386,Hyundai,EcoSport,2007,34,Petrol,Automatic,Second Owner,818,356027,2025-11-11 05:55:36
387,Kia,Swift,2012,75,Diesel,Manual,First Owner,1378,773932,2025-11-11 05:55:36
388,Tata,Swift,2019,41,Petrol,Automatic,First Owner,1447,741481,2025-11-11 05:55:36
389,Ford,Swift,2008,39,Diesel,Manual,Second Owner,1601,353303,2025-11-11 05:55:36
390,Toyota,Fortuner,2015,103,CNG,Manual,First Owner,1709,1900678,2025-11-11 05:55:36
391,Hyundai,Altroz,2010,20,Diesel,Automatic,Third Owner,2480,1297897,2025-11-11 05:55:36
392,Kia,Fortuner,2006,17,CNG,Manual,Second Owner,2750,1147826,2025-11-11 05:55:36
393,Honda,C-Class,2018,124,Diesel,Manual,Second Owner,1850,974216,2025-11-11 05:55:36
394,BMW,Nexon,2011,69,Petrol,Manual,First Owner,2493,1267964,2025-11-11 05:55:36
395,Tata,Altroz,2021,27,CNG,Automatic,Second Owner,2279,1711489,2025-11-11 05:55:36
396,Hyundai,City,2018,57,CNG,Manual,Second Owner,1845,745872,2025-11-11 05:55:36
397,Toyota,XUV700,2012,16,Electric,Manual,Second Owner,1649,280128,2025-11-11 05:55:36
398,Ford,Swift,2019,97,Diesel,Automatic,Second Owner,1911,828693,2025-11-11 05:55:36
399,Ford,Fortuner,2009,125,CNG,Manual,Third Owner,1467,307774,2025-11-11 05:55:36
400,Maruti,Altroz,2013,104,Diesel,Manual,First Owner,1618,174598,2025-11-11 05:55:36
401,Maruti,Fortuner,2020,60,CNG,Manual,Second Owner,1270,851312,2025-11-11 05:55:36
402,Maruti,EcoSport,2014,27,Petrol,Manual,First Owner,1034,910168,2025-11-11 05:55:36
403,Maruti,C-Class,2016,15,Petrol,Automatic,First Owner,1230,962089,2025-11-11 05:55:36
404,Ford,Nexon,2024,144,Petrol,Automatic,First Owner,1712,240397,2025-11-11 05:55:36
405,BMW,EcoSport,2007,51,CNG,Automatic,Third Owner,2797,891557,2025-11-11 05:55:36
406,Ford,XUV700,2013,17,Diesel,Manual,Third Owner,1196,1881265,2025-11-11 05:55:36
407,Ford,EcoSport,2010,58,CNG,Automatic,First Owner,2816,603150,2025-11-11 05:55:36
408,Hyundai,EcoSport,2012,11,CNG,Automatic,Second Owner,1851,1397625,2025-11-11 05:55:36
409,Tata,C-Class,2005,104,Petrol,Automatic,Third Owner,1034,1627568,2025-11-11 05:55:36
410,Ford,Swift,2014,57,CNG,Manual,Second Owner,2900,299669,2025-11-11 05:55:36
411,Tata,Fortuner,2006,85,CNG,Automatic,First Owner,1474,1627414,2025-11-11 05:55:36
412,Mahindra,Swift,2016,120,CNG,Manual,First Owner,970,593535,2025-11-11 05:55:36
413,Kia,Seltos,2010,69,CNG,Manual,Second Owner,2951,942385,2025-11-11 05:55:36
414,Mahindra,Nexon,2014,138,Electric,Automatic,First Owner,2559,116326,2025-11-11 05:55:36
415,Maruti,XUV700,2011,61,Diesel,Automatic,Third Owner,2351,1856914,2025-11-11 05:55:36
416,Toyota,XUV700,2008,115,Electric,Manual,First Owner,1130,885338,2025-11-11 05:55:36
417,Ford,C-Class,2012,49,Diesel,Manual,Third Owner,1443,841098,2025-11-11 05:55:36
418,Ford,City,2006,83,CNG,Manual,Second Owner,2041,1551570,2025-11-11 05:55:36
419,BMW,Nexon,2024,79,Electric,Automatic,First Owner,1077,1774882,2025-11-11 05:55:36
420,Kia,XUV700,2014,30,Petrol,Automatic,First Owner,1260,1855287,2025-11-11 05:55:36
421,Mercedes,Creta,2019,99,CNG,Manual,First Owner,1290,643818,2025-11-11 05:55:36
422,Toyota,Fortuner,2019,30,Petrol,Automatic,First Owner,2852,1868018,2025-11-11 05:55:36
423,Mercedes,Fortuner,2005,19,CNG,Manual,First Owner,1945,1797071,2025-11-11 05:55:36
424,Tata,Fortuner,2010,66,Diesel,Automatic,Third Owner,2732,2001421,2025-11-11 05:55:36
425,Honda,Fortuner,2012,112,Petrol,Manual,Third Owner,2897,1196256,2025-11-11 05:55:36
426,Mahindra,EcoSport,2020,72,Electric,Automatic,Third Owner,2655,909031,2025-11-11 05:55:36
427,Ford,Nexon,2022,23,Electric,Manual,Second Owner,1669,1544691,2025-11-11 05:55:36
428,Kia,Fortuner,2008,112,Electric,Manual,Second Owner,2972,386528,2025-11-11 05:55:36
429,Tata,City,2006,12,Petrol,Automatic,Second Owner,807,385005,2025-11-11 05:55:36
430,Toyota,Swift,2015,43,Petrol,Manual,First Owner,2677,1656543,2025-11-11 05:55:36
431,Ford,Nexon,2014,40,Petrol,Automatic,Second Owner,2551,1742601,2025-11-11 05:55:36
432,Mercedes,City,2012,95,Diesel,Manual,Third Owner,1148,558563,2025-11-11 05:55:36
433,Kia,Creta,2013,38,Electric,Manual,First Owner,1400,541190,2025-11-11 05:55:36
434,Maruti,Altroz,2024,121,Diesel,Manual,First Owner,1073,192141,2025-11-11 05:55:36
435,Toyota,Nexon,2022,72,Petrol,Automatic,Second Owner,2592,1837185,2025-11-11 05:55:36
436,Toyota,Creta,2014,63,Electric,Manual,First Owner,904,1692985,2025-11-11 05:55:36
437,Maruti,Swift,2006,72,Petrol,Automatic,Third Owner,1450,1179488,2025-11-11 05:55:36
438,Honda,Seltos,2023,113,CNG,Manual,Third Owner,2838,732669,2025-11-11 05:55:36
439,Mercedes,Nexon,2018,136,Electric,Automatic,Third Owner,883,384631,2025-11-11 05:55:36
440,Toyota,C-Class,2013,116,Electric,Automatic,Second Owner,1414,270327,2025-11-11 05:55:36
441,Ford,Creta,2019,133,Electric,Manual,Third Owner,839,762058,2025-11-11 05:55:36
442,Toyota,City,2014,8,Electric,Automatic,First Owner,1078,1053410,2025-11-11 05:55:36
443,Tata,EcoSport,2010,105,Petrol,Automatic,Second Owner,2438,1484176,2025-11-11 05:55:36
444,Toyota,Altroz,2023,90,Electric,Automatic,Second Owner,1643,1296544,2025-11-11 05:55:36
445,Toyota,EcoSport,2009,145,Electric,Automatic,Second Owner,1105,494783,2025-11-11 05:55:36
446,Tata,EcoSport,2020,130,CNG,Manual,Third Owner,2709,1271145,2025-11-11 05:55:36
447,Mercedes,Fortuner,2012,20,Electric,Manual,Second Owner,2622,1554285,2025-11-11 05:55:36
448,Hyundai,EcoSport,2021,143,CNG,Automatic,Third Owner,2383,386294,2025-11-11 05:55:36
449,Tata,Nexon,2010,69,Electric,Manual,First Owner,1904,447486,2025-11-11 05:55:36
450,Mercedes,City,2012,19,CNG,Manual,Second Owner,2714,523012,2025-11-11 05:55:36
451,BMW,Seltos,2011,130,Petrol,Manual,First Owner,1562,1864000,2025-11-11 05:55:36
452,Ford,Fortuner,2010,88,CNG,Manual,First Owner,2338,394444,2025-11-11 05:55:36
453,BMW,Swift,2021,19,CNG,Automatic,Second Owner,1951,1988046,2025-11-11 05:55:36
454,Honda,Creta,2007,82,Diesel,Manual,Second Owner,2093,779454,2025-11-11 05:55:36
455,BMW,Creta,2023,138,Petrol,Manual,Third Owner,1991,1794234,2025-11-11 05:55:36
456,Maruti,Nexon,2020,138,CNG,Manual,Second Owner,2655,1462672,2025-11-11 05:55:36
457,Kia,EcoSport,2024,99,CNG,Automatic,Second Owner,2337,1561628,2025-11-11 05:55:36
458,Ford,Nexon,2012,11,Diesel,Automatic,Third Owner,1174,501645,2025-11-11 05:55:36
459,BMW,Altroz,2023,76,CNG,Manual,Second Owner,912,337220,2025-11-11 05:55:36
460,Tata,Swift,2010,101,Petrol,Manual,Second Owner,2747,246962,2025-11-11 05:55:36
461,Mahindra,C-Class,2005,66,Diesel,Automatic,Second Owner,818,1899944,2025-11-11 05:55:36
462,Hyundai,XUV700,2008,37,Petrol,Automatic,Second Owner,1014,1091522,2025-11-11 05:55:36
463,Honda,Fortuner,2024,33,CNG,Automatic,First Owner,1160,1178567,2025-11-11 05:55:36
464,Kia,Seltos,2021,70,Diesel,Automatic,Second Owner,2148,1476320,2025-11-11 05:55:36
465,Tata,City,2024,75,Electric,Manual,Second Owner,1577,656146,2025-11-11 05:55:36
466,Honda,City,2014,26,Diesel,Manual,First Owner,1018,1078538,2025-11-11 05:55:36
467,Mahindra,Creta,2013,112,Electric,Automatic,First Owner,2237,856887,2025-11-11 05:55:36
468,Honda,Fortuner,2019,31,Diesel,Manual,Second Owner,1280,1850336,2025-11-11 05:55:36
469,Toyota,City,2008,69,Electric,Automatic,Second Owner,2808,1994548,2025-11-11 05:55:36
470,Mahindra,Altroz,2020,127,CNG,Automatic,Second Owner,1409,1906434,2025-11-11 05:55:36
471,Maruti,Swift,2017,72,Electric,Manual,First Owner,882,1241117,2025-11-11 05:55:36
472,Toyota,EcoSport,2017,50,Diesel,Automatic,Second Owner,975,1511670,2025-11-11 05:55:36
473,Kia,City,2022,89,Electric,Manual,Third Owner,1166,1627503,2025-11-11 05:55:36
474,Ford,Seltos,2023,96,Petrol,Manual,Second Owner,1864,887889,2025-11-11 05:55:36
475,Toyota,C-Class,2011,117,Petrol,Manual,Third Owner,1934,971795,2025-11-11 05:55:36
476,Maruti,EcoSport,2018,73,Electric,Automatic,Third Owner,1601,2003206,2025-11-11 05:55:36
477,Hyundai,Altroz,2005,79,CNG,Automatic,Third Owner,2429,573491,2025-11-11 05:55:36
478,Hyundai,Fortuner,2023,67,Petrol,Automatic,Second Owner,2793,996050,2025-11-11 05:55:36
479,BMW,C-Class,2018,12,Electric,Automatic,First Owner,1289,1634442,2025-11-11 05:55:36
480,Mahindra,EcoSport,2011,117,CNG,Automatic,First Owner,2517,2009442,2025-11-11 05:55:36
481,Hyundai,C-Class,2006,62,Electric,Manual,Second Owner,2011,1614463,2025-11-11 05:55:36
482,Mercedes,Creta,2022,111,Petrol,Manual,Second Owner,2939,259679,2025-11-11 05:55:36
483,Mahindra,Seltos,2017,8,Diesel,Automatic,First Owner,934,1333510,2025-11-11 05:55:36
484,Mahindra,C-Class,2008,133,Electric,Manual,Second Owner,1773,1742979,2025-11-11 05:55:36
485,Ford,Swift,2010,42,Petrol,Automatic,First Owner,1724,1767040,2025-11-11 05:55:36
486,Kia,Nexon,2022,113,Electric,Automatic,First Owner,1602,742836,2025-11-11 05:55:36
487,Toyota,C-Class,2014,27,Petrol,Manual,Third Owner,860,1941595,2025-11-11 05:55:36
488,Mercedes,EcoSport,2017,59,Diesel,Automatic,First Owner,1366,447687,2025-11-11 05:55:36
489,Kia,Swift,2014,62,Electric,Automatic,First Owner,2944,230156,2025-11-11 05:55:36
490,Ford,Fortuner,2023,113,Electric,Manual,First Owner,1461,1886735,2025-11-11 05:55:36
491,Tata,Seltos,2021,80,Electric,Automatic,Third Owner,2108,1413500,2025-11-11 05:55:36
492,BMW,Creta,2019,116,Electric,Manual,Third Owner,2224,260567,2025-11-11 05:55:36
493,Tata,City,2009,138,CNG,Automatic,Second Owner,2429,1601063,2025-11-11 05:55:36
494,Maruti,Swift,2015,126,Diesel,Manual,Second Owner,914,853916,2025-11-11 05:55:36
495,Kia,XUV700,2019,131,Electric,Automatic,Third Owner,1211,1101346,2025-11-11 05:55:36
496,Ford,Swift,2005,23,Electric,Automatic,Third Owner,2759,861751,2025-11-11 05:55:36
497,Maruti,City,2006,145,Diesel,Manual,Third Owner,892,749252,2025-11-11 05:55:36
498,Maruti,Nexon,2011,132,CNG,Automatic,Third Owner,2864,208316,2025-11-11 05:55:36
499,Tata,Seltos,2021,11,Diesel,Manual,First Owner,1926,637540,2025-11-11 05:55:36
500,Maruti,Swift,2015,29,Electric,Manual,Second Owner,2826,1584327,2025-11-11 05:55:36
